[{"data":["1468186089",123456],"title":"正确账号密码登录","expected": "1468186089"},
  {"data":["39",123456],"title":"账号为2个字符进行注册","expected": "39"},
  {"data":["9",123456],"title":"账号为1个字符进行注册","expected": "用户名格式由 字母数字下划线 2~18 个字符,密码格式 6~18 个字符之间"},
  {"data":["1854267524321548569",123456],"title":"账号为19个字符进行注册","expected": "用户名格式由 字母数字下划线 2~18 个字符,密码格式 6~18 个字符之间"},
  {"data":["15574892644",123456],"title":"账号全为数字进行注册","expected": "15574892644"},
  {"data":["lizhi",123456],"title":"账号全为字母进行注册","expected": "lizhi"},
  {"data":["_____",123456],"title":"账号为全为下划线进行注册","expected": "_____"},
  {"data":["li123_",123456],"title":"账号由字母数字下划线组合进行注册","expected": "li123_"},
  {"data":["li。。*",123456],"title":"账号包含特殊字符（除_外）进行注册","expected": "用户名格式由 字母数字下划线 2~18 个字符,密码格式 6~18 个字符之间"},
  {"data":["中文",123456],"title":"账号以中文字符进行注册","expected": "用户名格式由 字母数字下划线 2~18 个字符,密码格式 6~18 个字符之间"},
  {"data":["952263585",12345],"title":"密码为五个字符进行登录","expected": "用户名格式由 字母数字下划线 2~18 个字符,密码格式 6~18 个字符之间"},
  {"data":["95262495",1234567891234567891],"title":"密码为19字符进行注册","expected": "用户名格式由 字母数字下划线 2~18 个字符,密码格式 6~18 个字符之间"},
  {"data":["188526452",123456123],"title":"密码为9个字符进行注册","expected": "188526452"},
  {"data":["li1122","lifugyu"],"title":"密码为全英文字符进行注册","expected": "li1122"},
  {"data":["195235li",4521358],"title":"密码全为数字进行注册","expected": "195235li"},
  {"data":["lizhiqiang123","%&>,.,"],"title":"密码全为特殊字符进行注册","expected": "lizhiqiang123"},
  {"data":["lizhiqiang1234","li123.."],"title":"密码为英文、数字特殊字符组合注册","expected": "lizhiqiang1234"}
]

