[{"data":["952263585",12345],"title":"密码为五个字符进行登录","expected": "密码格式 6~18 个字符之间"},
  {"data":["95262495",1234567891234567891],"title":"密码为19字符进行注册","expected": "密码格式 6~18 个字符之间"},
  {"data":["188526452",123456123],"title":"密码为9个字符进行注册","expected": "188526452"},
  {"data":["li1122.","li1122"],"title":"密码为全英文字符进行注册","expected": "li1122."},
  {"data":["195235li",4521358],"title":"密码全为数字进行注册","expected": "195235li"},
  {"data":["lizhiqiang123","%&>,.,"],"title":"密码全为特殊字符进行注册","expected": "lizhiqiang123"},
  {"data":["lizhiqiang1234","li123.."],"title":"密码为英文、数字特殊字符组合注册","expected": "lizhiqiang1234"}
]

